{
    "_id" : ObjectId("639a836d19b548543c10ff03"),
    "autor" : "Alvaro",
    "mensaje" : "Hola a todos",
    "fecha" : "14/12/22 23:15:00"
}
{
    "_id" : ObjectId("639a836d19b548543c10ff04"),
    "autor" : "Francisco",
    "mensaje" : "Buenas, como va?",
    "fecha" : "14/12/22 23:15:00"
}
{
    "_id" : ObjectId("639a836d19b548543c10ff05"),
    "autor" : "Carla",
    "mensaje" : "Holis",
    "fecha" : "14/12/22 23:15:00"
}
{
    "_id" : ObjectId("639a836d19b548543c10ff06"),
    "autor" : "Alvaro",
    "mensaje" : "Todo bien por aca",
    "fecha" : "14/12/22 23:15:00"
}
{
    "_id" : ObjectId("639a836d19b548543c10ff07"),
    "autor" : "Renata",
    "mensaje" : "Aca andamos",
    "fecha" : "14/12/22 23:15:00"
}
{
    "_id" : ObjectId("639a836d19b548543c10ff08"),
    "autor" : "Soledad",
    "mensaje" : "Todo bien",
    "fecha" : "14/12/22 23:15:00"
}
{
    "_id" : ObjectId("639a836d19b548543c10ff09"),
    "autor" : "Mateo",
    "mensaje" : "Que ondaa",
    "fecha" : "14/12/22 23:15:00"
}
{
    "_id" : ObjectId("639a836d19b548543c10ff0a"),
    "autor" : "Carla",
    "mensaje" : "Que paso?",
    "fecha" : "14/12/22 23:15:00"
}
{
    "_id" : ObjectId("639a836d19b548543c10ff0b"),
    "autor" : "Francisco",
    "mensaje" : "Nada, todo bien",
    "fecha" : "14/12/22 23:15:00"
}
{
    "_id" : ObjectId("639a836d19b548543c10ff0c"),
    "autor" : "Alvaro",
    "mensaje" : "Bueno, menos mal",
    "fecha" : "14/12/22 23:15:00"
}
