{
    "_id" : ObjectId("639a819a6f2a7b7bd99ffc57"),
    "nombre" : "Ciruela",
    "precio" : NumberInt(390),
    "thumbnail" : "Url",
    "stock" : NumberInt(100)
}
{
    "_id" : ObjectId("639a819a6f2a7b7bd99ffc58"),
    "nombre" : "Anana",
    "precio" : NumberInt(472),
    "thumbnail" : "Url",
    "stock" : NumberInt(100)
}
{
    "_id" : ObjectId("639a819a6f2a7b7bd99ffc59"),
    "nombre" : "Melon",
    "precio" : NumberInt(624),
    "thumbnail" : "Url",
    "stock" : NumberInt(0)
}
{
    "_id" : ObjectId("639a819a6f2a7b7bd99ffc5a"),
    "nombre" : "Sandia",
    "precio" : NumberInt(1050),
    "thumbnail" : "Url",
    "stock" : NumberInt(0)
}
{
    "_id" : ObjectId("639a819a6f2a7b7bd99ffc5c"),
    "nombre" : "Zapallo",
    "precio" : NumberInt(233),
    "thumbnail" : "Url",
    "stock" : NumberInt(100)
}
{
    "_id" : ObjectId("639a819a6f2a7b7bd99ffc5d"),
    "nombre" : "Lechuga",
    "precio" : NumberInt(287),
    "thumbnail" : "Url",
    "stock" : NumberInt(100)
}
{
    "_id" : ObjectId("639a819a6f2a7b7bd99ffc5e"),
    "nombre" : "Tomate",
    "precio" : NumberInt(749),
    "thumbnail" : "Url",
    "stock" : NumberInt(0)
}
{
    "_id" : ObjectId("639a865319b548543c10ff0d"),
    "nombre" : "Apio",
    "precio" : NumberInt(316),
    "thumbnail" : "Url",
    "stock" : NumberInt(100)
}
