{
    "_id" : {
        "id" : UUID("68ce3467-be5d-4974-9c29-e83b60956d6f"),
        "uid" : BinData(0, "47DEQpj8HBSa+/TImW+5JCeuQeRkm5NMpJWZG3hSuFU=")
    },
    "lastUse" : ISODate("2022-12-15T02:53:06.757+0000")
}
{
    "_id" : {
        "id" : UUID("a6d4eaa6-c67e-4d99-a2b2-f683836b0395"),
        "uid" : BinData(0, "47DEQpj8HBSa+/TImW+5JCeuQeRkm5NMpJWZG3hSuFU=")
    },
    "lastUse" : ISODate("2022-12-15T03:03:06.757+0000")
}
{
    "_id" : {
        "id" : UUID("49fc351c-e91c-411d-a5f1-e5cd70d53277"),
        "uid" : BinData(0, "47DEQpj8HBSa+/TImW+5JCeuQeRkm5NMpJWZG3hSuFU=")
    },
    "lastUse" : ISODate("2022-12-15T03:03:06.757+0000")
}
{
    "_id" : {
        "id" : UUID("ccd52adf-ca6c-4b17-b627-a4cfd3cc51f9"),
        "uid" : BinData(0, "47DEQpj8HBSa+/TImW+5JCeuQeRkm5NMpJWZG3hSuFU=")
    },
    "lastUse" : ISODate("2022-12-15T03:03:06.757+0000")
}
{
    "_id" : {
        "id" : UUID("cfdddf1c-278c-407b-9914-483dd2397291"),
        "uid" : BinData(0, "47DEQpj8HBSa+/TImW+5JCeuQeRkm5NMpJWZG3hSuFU=")
    },
    "lastUse" : ISODate("2022-12-15T03:03:06.757+0000")
}
