{
    "_id" : "alviafricke-pc-1671064686729",
    "hostname" : "alviafricke-pc",
    "startTime" : ISODate("2022-12-15T00:38:06.000+0000"),
    "startTimeLocal" : "Wed Dec 14 21:38:06.729",
    "cmdLine" : {
        "processManagement" : {
            "fork" : true
        },
        "storage" : {
            "dbPath" : "/var/lib/mongodb"
        },
        "systemLog" : {
            "destination" : "file",
            "path" : "/var/lib/mongodb/mongodb.log"
        }
    },
    "pid" : NumberLong(94348),
    "buildinfo" : {
        "version" : "5.0.14",
        "gitVersion" : "1b3b0073a0b436a8a502b612f24fb2bd572772e5",
        "modules" : [

        ],
        "allocator" : "tcmalloc",
        "javascriptEngine" : "mozjs",
        "sysInfo" : "deprecated",
        "versionArray" : [
            NumberInt(5),
            NumberInt(0),
            NumberInt(14),
            NumberInt(0)
        ],
        "openssl" : {
            "running" : "OpenSSL 1.1.1f  31 Mar 2020",
            "compiled" : "OpenSSL 1.1.1f  31 Mar 2020"
        },
        "buildEnvironment" : {
            "distmod" : "ubuntu2004",
            "distarch" : "x86_64",
            "cc" : "/opt/mongodbtoolchain/v3/bin/gcc: gcc (GCC) 8.5.0",
            "ccflags" : "-Werror -include mongo/platform/basic.h -ffp-contract=off -fasynchronous-unwind-tables -ggdb -Wall -Wsign-compare -Wno-unknown-pragmas -Winvalid-pch -fno-omit-frame-pointer -fno-strict-aliasing -O2 -march=sandybridge -mtune=generic -mprefer-vector-width=128 -Wno-unused-local-typedefs -Wno-unused-function -Wno-deprecated-declarations -Wno-unused-const-variable -Wno-unused-but-set-variable -Wno-missing-braces -fstack-protector-strong -Wa,--nocompress-debug-sections -fno-builtin-memcmp",
            "cxx" : "/opt/mongodbtoolchain/v3/bin/g++: g++ (GCC) 8.5.0",
            "cxxflags" : "-Woverloaded-virtual -Wno-maybe-uninitialized -fsized-deallocation -std=c++17",
            "linkflags" : "-Wl,--fatal-warnings -pthread -Wl,-z,now -fuse-ld=gold -fstack-protector-strong -Wl,--no-threads -Wl,--build-id -Wl,--hash-style=gnu -Wl,-z,noexecstack -Wl,--warn-execstack -Wl,-z,relro -Wl,--compress-debug-sections=none -Wl,-z,origin -Wl,--enable-new-dtags",
            "target_arch" : "x86_64",
            "target_os" : "linux",
            "cppdefines" : "SAFEINT_USE_INTRINSICS 0 PCRE_STATIC NDEBUG _XOPEN_SOURCE 700 _GNU_SOURCE _FORTIFY_SOURCE 2 BOOST_THREAD_VERSION 5 BOOST_THREAD_USES_DATETIME BOOST_SYSTEM_NO_DEPRECATED BOOST_MATH_NO_LONG_DOUBLE_MATH_FUNCTIONS BOOST_ENABLE_ASSERT_DEBUG_HANDLER BOOST_LOG_NO_SHORTHAND_NAMES BOOST_LOG_USE_NATIVE_SYSLOG BOOST_LOG_WITHOUT_THREAD_ATTR ABSL_FORCE_ALIGNED_ACCESS"
        },
        "bits" : NumberInt(64),
        "debug" : false,
        "maxBsonObjectSize" : NumberInt(16777216),
        "storageEngines" : [
            "devnull",
            "ephemeralForTest",
            "wiredTiger"
        ]
    }
}
